AUC,PRECISION,RECALL,F1
0.6601963810087514,0.6923751095530236,0.7247706422018348,0.7082025997310623
0.6796326047435842,0.7095070422535211,0.7394495412844037,0.7241689128481581
0.6806567877224877,0.7091703056768559,0.744954128440367,0.7266219239373601
0.6719200524246396,0.7019230769230769,0.736697247706422,0.7188898836168308
0.6799739990698854,0.7093942054433714,0.7412844036697248,0.7249887842081651
0.6747896672726504,0.7038327526132404,0.7412844036697248,0.7220732797140303
0.6704371538494059,0.7019400352733686,0.7302752293577982,0.7158273381294964
0.6732961992136304,0.7027027027027027,0.7394495412844037,0.7206079570853822
0.6730932651249313,0.7055160142348754,0.7275229357798165,0.7163504968383018
0.6814568976451191,0.7093124456048738,0.7477064220183486,0.7280035730236712
0.6735097027861159,0.7011197243755384,0.7467889908256881,0.7232341181697024
0.674555024732592,0.703125,0.7431192660550459,0.7225691347011597
0.6716854098845813,0.7012195121951219,0.7385321100917431,0.7193923145665773
0.6714401978607365,0.6993970714900948,0.744954128440367,0.7214571301643714
0.6759417410053693,0.7050610820244329,0.7412844036697248,0.7227191413237924
0.6776698516044476,0.7069116360454943,0.7412844036697248,0.7236901030004478
0.6759417410053693,0.7050610820244329,0.7412844036697248,0.7227191413237924
0.6740001268338055,0.7048458149779736,0.7339449541284404,0.7191011235955056
0.6770832452543019,0.7051170858629662,0.7458715596330275,0.7249219794917521
0.6754724559252526,0.7036395147313691,0.744954128440367,0.7237076648841355
0.6752589523527671,0.7052631578947368,0.7376146788990826,0.7210762331838565
0.6767312814442143,0.7040552200172563,0.7486238532110092,0.7256558470431302
0.6760590622753984,0.7054195804195804,0.7403669724770642,0.7224709042076992
0.6669703631674629,0.6971279373368147,0.7348623853211009,0.7154979901741849
0.6721441254809115,0.70147954743255,0.7394495412844037,0.7199642697632872
0.6747896672726504,0.7038327526132404,0.7412844036697248,0.7220732797140303
0.6731894474273876,0.7035087719298245,0.7357798165137615,0.7192825112107624
0.6745655942163784,0.7042869641294838,0.7385321100917431,0.7210031347962382
0.6649008582420834,0.6953872932985204,0.7330275229357798,0.713711478338544
0.6743203821925338,0.7024221453287197,0.744954128440367,0.7230632235084595
0.6735308417536887,0.7034120734908137,0.7376146788990826,0.7201074787281684
0.6743309516763202,0.7035745422842197,0.7403669724770642,0.721502011622709
0.6696370439267746,0.7017699115044248,0.7275229357798165,0.7144144144144144
0.6729336659197566,0.7005163511187608,0.7467889908256881,0.7229129662522202
0.683878366380586,0.7121609798775154,0.7467889908256881,0.729064039408867
0.6747790977888639,0.7026793431287813,0.7458715596330275,0.7236315086782377
0.6805500359362449,0.7100175746924429,0.7412844036697248,0.725314183123878
0.6804432841500022,0.7108753315649867,0.7376146788990826,0.7239981990094552
0.6749069885426795,0.7041884816753927,0.7403669724770642,0.721824686940966
0.6844438337631591,0.7115551694178974,0.7513761467889908,0.7309236947791165
0.6691571893628715,0.6992153443766347,0.7357798165137615,0.7170317389360751
0.6749069885426795,0.7041884816753927,0.7403669724770642,0.721824686940966
0.6685811524965121,0.6986062717770035,0.7357798165137615,0.7167113494191242
0.6788113558533801,0.7069565217391305,0.7458715596330275,0.7258928571428571
0.6802086416099438,0.7101321585903083,0.7394495412844037,0.724494382022472
0.6780006764469624,0.7056277056277056,0.7477064220183486,0.7260579064587973
0.6773284572781465,0.7070175438596491,0.7394495412844037,0.7228699551569506
0.6694024013867163,0.701058201058201,0.7293577981651376,0.7149280575539568
0.6769870629518454,0.7071240105540897,0.7376146788990826,0.7220475976650202
0.6724855198072126,0.7013888888888888,0.7412844036697248,0.72078501338091
0.6797287870460406,0.7074652777777778,0.7477064220183486,0.7270294380017841
0.677680421088234,0.7081128747795414,0.736697247706422,0.7221223021582733
0.6803259628799729,0.7105030891438658,0.7385321100917431,0.7242465137201979
0.6704371538494059,0.7019400352733686,0.7302752293577982,0.7158273381294964
0.681008751532575,0.7102721685689201,0.7422018348623853,0.7258860475549573
0.6766350991417578,0.7060367454068242,0.7403669724770642,0.7227944469323779
0.6724749503234263,0.7002583979328165,0.7458715596330275,0.7223456241670368
0.6722614467509407,0.7018308631211857,0.7385321100917431,0.7197139025480555
0.6723893375047563,0.7033450704225352,0.7330275229357798,0.7178796046720575
0.6827262926478671,0.7109170305676856,0.7467889908256881,0.7284116331096196
0.6834302202680421,0.7131509267431597,0.7412844036697248,0.7269455690508322
0.6796114657760115,0.707105719237435,0.7486238532110092,0.7272727272727273
0.6735202722699024,0.7022569444444444,0.7422018348623853,0.7216770740410348
0.672858622584873,0.7047872340425532,0.7293577981651376,0.7168620378719567
0.6808808607787595,0.7086956521739131,0.7477064220183486,0.7276785714285714
0.6726028410772418,0.7017391304347826,0.7403669724770642,0.7205357142857143
0.6807846784763032,0.7107583774250441,0.7394495412844037,0.7248201438848921
0.6744482729463492,0.7039301310043669,0.7394495412844037,0.7212527964205817
0.6742347693738638,0.7055702917771883,0.7321100917431193,0.7185952273750563
0.6761869530292142,0.706972639011474,0.7348623853211009,0.7206477732793523
0.6652528220521711,0.6964129483814523,0.7302752293577982,0.7129422301836095
0.6735519807212615,0.7057777777777777,0.728440366972477,0.7169300225733635
0.6666289688411619,0.6972076788830716,0.7330275229357798,0.7146690518783542
0.6731788779436012,0.7023498694516971,0.7403669724770642,0.7208575256811076
0.6719094829408532,0.7007805724197745,0.7412844036697248,0.7204636647347302
0.6721546949646979,0.7026315789473684,0.7348623853211009,0.7183856502242153
0.668239758170211,0.6986899563318777,0.7339449541284404,0.7158836689038032
0.6723893375047563,0.7033450704225352,0.7330275229357798,0.7178796046720575
0.6733923815160868,0.7007738607050731,0.7477064220183486,0.723479804704838
0.6768486027142434,0.7044079515989629,0.7477064220183486,0.7254116599910992
0.6823954678053523,0.7122683142100618,0.7403669724770642,0.7260458839406208
0.6726028410772418,0.7017391304347826,0.7403669724770642,0.7205357142857143
0.6738616665962034,0.7021645021645022,0.7440366972477064,0.7224944320712695
0.6788113558533801,0.7069565217391305,0.7458715596330275,0.7258928571428571
0.672720162347271,0.7020905923344948,0.7394495412844037,0.7202859696157283
0.6733067686974168,0.7038664323374341,0.7348623853211009,0.7190305206463196
0.663311207880607,0.696113074204947,0.7229357798165138,0.7092709270927092
0.6721652644484843,0.7038019451812555,0.7302752293577982,0.7167942368302567
0.6756109161628546,0.7063492063492064,0.7348623853211009,0.7203237410071942
0.6702025113093477,0.7012302284710018,0.7321100917431193,0.7163375224416517
0.6729653743711157,0.7039647577092512,0.7330275229357798,0.7182022471910112
0.6671838667399486,0.6956147893379192,0.7422018348623853,0.7181535730137595
0.6876865513888302,0.7170645446507515,0.7440366972477064,0.7303016659162539
0.670522766668076,0.6988783433994823,0.7431192660550459,0.7203201422854602
0.6819261827252356,0.7107800175284837,0.7440366972477064,0.7270282384580905
0.6643459603432968,0.6969964664310954,0.7238532110091743,0.7101710171017102
0.6713440155582802,0.7013100436681222,0.736697247706422,0.7185682326621924
0.6696370439267746,0.7017699115044248,0.7275229357798165,0.7144144144144144
0.672720162347271,0.7020905923344948,0.7394495412844037,0.7202859696157283
0.6694985836891726,0.6991304347826087,0.7376146788990826,0.7178571428571429
0.6811260728026044,0.7106420404573439,0.7412844036697248,0.7256398742703188
0.6707785481757071,0.7018469656992085,0.7321100917431193,0.7166591827570723
0.676976493468059,0.705933682373473,0.7422018348623853,0.723613595706619
0.6747040544539804,0.7070347284060552,0.728440366972477,0.7175779484862178
0.6834196507842557,0.7119089316987741,0.7458715596330275,0.728494623655914
0.6694024013867163,0.701058201058201,0.7293577981651376,0.7149280575539568
0.6757176679490973,0.7055214723926381,0.7385321100917431,0.7216494845360825
0.6703304020631632,0.7027506654835848,0.726605504587156,0.7144790257104194
0.668239758170211,0.6986899563318777,0.7339449541284404,0.7158836689038032
0.6785016699784383,0.7107142857142857,0.7302752293577982,0.7203619909502262
0.6807741089925168,0.7095363079615048,0.7440366972477064,0.7263770712046574
0.672016234727096,0.7,0.744954128440367,0.7217777777777777
0.6783526402570499,0.7067014795474326,0.744954128440367,0.7253238052702099
0.677200566524331,0.7054735013032146,0.744954128440367,0.7246764837126283
0.6800807508561283,0.7085514834205934,0.744954128440367,0.7262969588550984
0.6750243098127087,0.7045454545454546,0.7394495412844037,0.7215756490599821
0.6784805310108655,0.7082601054481547,0.7394495412844037,0.7235188509874326
0.6697332262292309,0.699825479930192,0.7357798165137615,0.7173524150268337
0.6708958694457362,0.7022026431718061,0.7311926605504587,0.7164044943820225
0.6844544032469455,0.712784588441331,0.7467889908256881,0.7293906810035843
0.6743309516763202,0.7035745422842197,0.7403669724770642,0.721502011622709
0.6749069885426795,0.7041884816753927,0.7403669724770642,0.721824686940966
0.6713334460744937,0.7001733102253033,0.7412844036697248,0.7201426024955436
0.6660423624910159,0.6955017301038062,0.7376146788990826,0.715939447907391
0.6798778167674291,0.711487088156723,0.7330275229357798,0.7220967013104383
0.6801980721261573,0.708916083916084,0.7440366972477064,0.7260519247985676
0.6730615566735721,0.7019982623805386,0.7412844036697248,0.7211066488174922
0.6750243098127087,0.7045454545454546,0.7394495412844037,0.7215756490599821
0.672858622584873,0.7047872340425532,0.7293577981651376,0.7168620378719567
0.6834196507842557,0.7119089316987741,0.7458715596330275,0.728494623655914
0.6759417410053693,0.7050610820244329,0.7412844036697248,0.7227191413237924
0.6685705830127256,0.6974935177182369,0.7403669724770642,0.7182910547396528
0.6776698516044476,0.7069116360454943,0.7412844036697248,0.7236901030004478
0.6865239081723249,0.7145359019264448,0.7486238532110092,0.7311827956989247
0.6711093730182218,0.700609225413403,0.7385321100917431,0.7190710138454667
0.6806462182387012,0.7079722703639515,0.7495412844036697,0.7281639928698752
0.6680156851139392,0.6991228070175438,0.7311926605504587,0.7147982062780269
0.6830782564579546,0.7120280948200176,0.7440366972477064,0.7276805742485419
0.681008751532575,0.7102721685689201,0.7422018348623853,0.7258860475549573
0.6745655942163784,0.7042869641294838,0.7385321100917431,0.7210031347962382
0.6881452669851607,0.7173144876325088,0.744954128440367,0.7308730873087309
0.674555024732592,0.703125,0.7431192660550459,0.7225691347011597
0.6762831353316704,0.7049608355091384,0.7431192660550459,0.723537293434569
0.6809019997463325,0.7111307420494699,0.7385321100917431,0.7245724572457246
0.6830888259417409,0.7132743362831858,0.7394495412844037,0.7261261261261261
0.6752589523527671,0.7052631578947368,0.7376146788990826,0.7210762331838565
0.6812328245888472,0.7097902097902098,0.744954128440367,0.7269471799462847
0.6778939246607195,0.7064459930313589,0.7440366972477064,0.7247542448614834
0.6787151735509237,0.708994708994709,0.7376146788990826,0.7230215827338129
0.6741068786200481,0.7040280210157618,0.7376146788990826,0.7204301075268817
0.669957299285503,0.6993918331885317,0.7385321100917431,0.7184292726461401
0.6789392466071957,0.7085162423178226,0.7403669724770642,0.7240915208613729
0.6762831353316704,0.7049608355091384,0.7431192660550459,0.723537293434569
0.6749281275102524,0.7065602836879432,0.7311926605504587,0.7186654643823264
0.6805606054200313,0.7112488928255093,0.736697247706422,0.7237494366831906
0.6770938147380882,0.7062937062937062,0.7412844036697248,0.7233661593554163
0.6747896672726504,0.7038327526132404,0.7412844036697248,0.7220732797140303
0.6879000549613157,0.7152838427947599,0.7513761467889908,0.7328859060402685
0.6782564579545933,0.7087378640776699,0.736697247706422,0.7224471434997751
0.6775525303344185,0.7065502183406114,0.7422018348623853,0.7239373601789709
0.6716959793683677,0.7023705004389815,0.7339449541284404,0.7178106774338269
0.6769659239842727,0.7047619047619048,0.7467889908256881,0.7251670378619154
0.6739789878662327,0.7025151777970512,0.7431192660550459,0.722246990637539
0.6762937048154568,0.706140350877193,0.7385321100917431,0.7219730941704036
0.6595992051748192,0.6896551724137931,0.7339449541284404,0.7111111111111111
0.671792161670824,0.7004329004329004,0.7422018348623853,0.7207126948775056
0.6727413013148439,0.7044247787610619,0.7302752293577982,0.7171171171171171
0.6770938147380882,0.7062937062937062,0.7412844036697248,0.7233661593554163
0.6738510971124171,0.7010309278350515,0.7486238532110092,0.7240461401952085
0.6694985836891726,0.6991304347826087,0.7376146788990826,0.7178571428571429
0.6719411913922124,0.7042628774422736,0.7275229357798165,0.7157039711191335
0.669509153172959,0.7002629272567923,0.7330275229357798,0.7162707306140744
0.6742030609225045,0.7020725388601037,0.7458715596330275,0.7233096085409253
0.682384898321566,0.7110332749562172,0.744954128440367,0.7275985663082437
0.6779901069631759,0.7044673539518901,0.7522935779816514,0.7275953859804791
0.67731788779436,0.7058311575282855,0.7440366972477064,0.7244305493523895
0.6772217054919037,0.707855251544572,0.7357798165137615,0.7215474583895637
0.6681330063839682,0.6994727592267135,0.7302752293577982,0.7145421903052065
0.6715680886145519,0.7008695652173913,0.7394495412844037,0.7196428571428571
0.6815847883989347,0.710896309314587,0.7422018348623853,0.7262118491921006
0.6767418509280008,0.7052173913043478,0.7440366972477064,0.7241071428571428
0.6801980721261573,0.708916083916084,0.7440366972477064,0.7260519247985676
0.6756003466790681,0.705161854768154,0.7394495412844037,0.7218987908643081
0.6729653743711157,0.7039647577092512,0.7330275229357798,0.7182022471910112
0.6665116475711327,0.6968641114982579,0.7339449541284404,0.7149240393208222
0.6761658140616412,0.7046046915725456,0.7440366972477064,0.7237840249888443
0.6713440155582802,0.7013100436681222,0.736697247706422,0.7185682326621924
0.6779044941445059,0.707638279192274,0.7394495412844037,0.7231942575145806
0.6707891176594936,0.7030141843971631,0.7275229357798165,0.715058611361587
0.6766245296579716,0.7048611111111112,0.744954128440367,0.7243532560214094
0.6739789878662327,0.7025151777970512,0.7431192660550459,0.722246990637539
0.675931171521583,0.7038961038961039,0.7458715596330275,0.7242761692650334
0.6726028410772418,0.7017391304347826,0.7403669724770642,0.7205357142857143
0.6731788779436012,0.7023498694516971,0.7403669724770642,0.7208575256811076
0.67731788779436,0.7058311575282855,0.7440366972477064,0.7244305493523895
0.6791527501796812,0.7068516912402428,0.7477064220183486,0.7267053053945609
0.6638661057793938,0.6945169712793734,0.7321100917431193,0.7128182224207236
0.6716748404007948,0.700086430423509,0.7431192660550459,0.7209612817089452
0.6836437238405276,0.7114210985178727,0.7486238532110092,0.72954850245865
0.676976493468059,0.705933682373473,0.7422018348623853,0.723613595706619
0.6730509871897857,0.7008620689655173,0.7458715596330275,0.7226666666666667
0.6842091912231008,0.7108225108225108,0.7532110091743119,0.7314031180400891
0.6737549148099606,0.7029616724738676,0.7403669724770642,0.7211796246648794
0.6782458884708071,0.7075306479859895,0.7412844036697248,0.7240143369175627
0.6758349892191264,0.7058823529411765,0.7376146788990826,0.721399730820996
0.6750243098127087,0.7045454545454546,0.7394495412844037,0.7215756490599821
0.6791633196634677,0.708041958041958,0.7431192660550459,0.7251566696508505
0.6759523104891558,0.7062445030782761,0.736697247706422,0.7211495285136955
0.6770938147380882,0.7062937062937062,0.7412844036697248,0.7233661593554163
0.6775630998182048,0.7077464788732394,0.7376146788990826,0.7223719676549866
0.6730721261573585,0.7031523642732049,0.736697247706422,0.7195340501792115
0.6728374836173001,0.7024432809773123,0.7385321100917431,0.7200357781753131
0.678128567200778,0.7071678321678322,0.7422018348623853,0.7242614145031334
0.6714507673445228,0.7005208333333334,0.7403669724770642,0.719892952720785
0.6661596837610451,0.695840554592721,0.736697247706422,0.7156862745098039
0.6763148437830296,0.7085561497326203,0.7293577981651376,0.7188065099457505
0.6629592440705195,0.695079086115993,0.7256880733944954,0.7100538599640933
0.6711199425020082,0.7017543859649122,0.7339449541284404,0.7174887892376681
0.6735308417536887,0.7034120734908137,0.7376146788990826,0.7201074787281684
0.6732961992136304,0.7027027027027027,0.7394495412844037,0.7206079570853822
0.6779044941445059,0.707638279192274,0.7394495412844037,0.7231942575145806
0.6708852999619499,0.701048951048951,0.7357798165137615,0.7179946284691137
0.6775630998182048,0.7077464788732394,0.7376146788990826,0.7223719676549866
0.6740857396524754,0.7017241379310345,0.7467889908256881,0.7235555555555555
0.6756859594977381,0.702054794520548,0.7522935779816514,0.7263064658990257
0.6757176679490973,0.7055214723926381,0.7385321100917431,0.7216494845360825
0.6685811524965121,0.6986062717770035,0.7357798165137615,0.7167113494191242
0.6729336659197566,0.7005163511187608,0.7467889908256881,0.7229129662522202
0.6690504375766289,0.7,0.7321100917431193,0.715695067264574
0.6741068786200481,0.7040280210157618,0.7376146788990826,0.7204301075268817
0.6713440155582802,0.7013100436681222,0.736697247706422,0.7185682326621924
0.6718027311546104,0.7015706806282722,0.7376146788990826,0.7191413237924866
0.6779044941445059,0.707638279192274,0.7394495412844037,0.7231942575145806
0.6719094829408532,0.7007805724197745,0.7412844036697248,0.7204636647347302
0.6753762736227963,0.7056239015817223,0.736697247706422,0.7208258527827648
0.6699678687692893,0.7005253940455342,0.7339449541284404,0.7168458781362007
0.6715680886145519,0.7008695652173913,0.7394495412844037,0.7196428571428571
0.6702025113093477,0.7012302284710018,0.7321100917431193,0.7163375224416517
0.6736375935399316,0.7026086956521739,0.7412844036697248,0.7214285714285714
0.6797604954973999,0.7111111111111111,0.7339449541284404,0.7223476297968398
0.6731788779436012,0.7023498694516971,0.7403669724770642,0.7208575256811076
0.6760590622753984,0.7054195804195804,0.7403669724770642,0.7224709042076992
0.6685811524965121,0.6986062717770035,0.7357798165137615,0.7167113494191242
0.6701708028579885,0.6978540772532189,0.7458715596330275,0.7210643015521064
0.6737443453261743,0.7018150388936906,0.744954128440367,0.7227414330218068
0.6758455587029129,0.7070796460176991,0.7330275229357798,0.7198198198198198
0.6780112459307488,0.7068062827225131,0.7431192660550459,0.7245080500894454
0.6748002367564369,0.7050043898156277,0.736697247706422,0.7205024674742037
0.6697332262292309,0.699825479930192,0.7357798165137615,0.7173524150268337
0.6718133006383967,0.702726473175022,0.7330275229357798,0.7175572519083969
0.6715786580983385,0.7020157756354075,0.7348623853211009,0.7180636485880771
0.6659356107047731,0.6962576153176675,0.7339449541284404,0.7146047342563644
0.6726028410772418,0.7017391304347826,0.7403669724770642,0.7205357142857143
0.6768697416818162,0.7067603160667252,0.7385321100917431,0.7222969941677883
0.671365154525853,0.7036379769299024,0.7275229357798165,0.7153811456923771
0.673989557350019,0.7036713286713286,0.7385321100917431,0.720680393912265
0.6790565678772248,0.7088830255057168,0.7394495412844037,0.7238437359676695
0.6735097027861159,0.7011197243755384,0.7467889908256881,0.7232341181697024
0.6660529319748024,0.6965998256320837,0.7330275229357798,0.7143495753240948
0.6737549148099606,0.7029616724738676,0.7403669724770642,0.7211796246648794
0.6704160148818331,0.6996527777777778,0.7394495412844037,0.7190008920606601
0.6707679786919207,0.7006980802792321,0.736697247706422,0.7182468694096601
0.6692956496004734,0.7018633540372671,0.7256880733944954,0.7135769057284619
0.6751204921151651,0.7025862068965517,0.7477064220183486,0.7244444444444444
0.6792806409334968,0.7084063047285464,0.7422018348623853,0.724910394265233
0.6740001268338055,0.7048458149779736,0.7339449541284404,0.7191011235955056
0.6752589523527671,0.7052631578947368,0.7376146788990826,0.7210762331838565
0.6712161248044646,0.6998269896193772,0.7422018348623853,0.7203918076580588
0.6760696317591849,0.7066079295154185,0.7357798165137615,0.7208988764044943
0.6598232782310911,0.6892703862660944,0.736697247706422,0.7121951219512195
0.6762937048154568,0.706140350877193,0.7385321100917431,0.7219730941704036
0.6814568976451191,0.7093124456048738,0.7477064220183486,0.7280035730236712
0.6739789878662327,0.7025151777970512,0.7431192660550459,0.722246990637539
0.6741068786200481,0.7040280210157618,0.7376146788990826,0.7204301075268817
0.679397962203526,0.7087719298245614,0.7412844036697248,0.7246636771300449
0.6790565678772248,0.7088830255057168,0.7394495412844037,0.7238437359676695
0.6653490043546274,0.6945642795513374,0.7385321100917431,0.7158737216540685
0.6730615566735721,0.7019982623805386,0.7412844036697248,0.7211066488174922
0.6647729674882679,0.6939655172413793,0.7385321100917431,0.7155555555555555
0.6696370439267746,0.7017699115044248,0.7275229357798165,0.7144144144144144
0.6796431742273707,0.7107364685004437,0.7348623853211009,0.7225981055480379
0.6685705830127256,0.6974935177182369,0.7403669724770642,0.7182910547396528
0.6746512070350483,0.7011986301369864,0.7513761467889908,0.7254207263064659
0.6756003466790681,0.705161854768154,0.7394495412844037,0.7218987908643081
0.6826089713778379,0.7105492589363557,0.7477064220183486,0.7286544479213232
0.6798461083160698,0.7078260869565217,0.7467889908256881,0.7267857142857143
0.6713334460744937,0.7001733102253033,0.7412844036697248,0.7201426024955436
0.6762831353316704,0.7049608355091384,0.7431192660550459,0.723537293434569
0.67826702743838,0.7099644128113879,0.7321100917431193,0.7208672086720868
0.6603031327949944,0.6916376306620209,0.728440366972477,0.709562109025916
0.6712478332558238,0.7032772364924712,0.728440366972477,0.7156376746282109
0.6635247114530927,0.6945898778359512,0.7302752293577982,0.7119856887298748
0.6831850082441973,0.7111692844677138,0.7477064220183486,0.7289803220035778
0.6688157950365703,0.6993006993006993,0.7339449541284404,0.7162041181736795
0.6713334460744937,0.7001733102253033,0.7412844036697248,0.7201426024955436
0.6696370439267746,0.7017699115044248,0.7275229357798165,0.7144144144144144
0.6798461083160698,0.7078260869565217,0.7467889908256881,0.7267857142857143
0.6766350991417578,0.7060367454068242,0.7403669724770642,0.7227944469323779
0.6745655942163784,0.7042869641294838,0.7385321100917431,0.7210031347962382
0.6676531518200651,0.696969696969697,0.7385321100917431,0.7171492204899778
0.6726134105610282,0.7028921998247152,0.7357798165137615,0.7189601075750784
0.6738722360799898,0.7033158813263525,0.7394495412844037,0.7209302325581395
0.673082695641145,0.70432480141218,0.7321100917431193,0.717948717948718
0.6729653743711157,0.7039647577092512,0.7330275229357798,0.7182022471910112
0.6703304020631632,0.7027506654835848,0.726605504587156,0.7144790257104194
0.6621379951803155,0.6927083333333334,0.7321100917431193,0.711864406779661
0.6783632097408362,0.7078947368421052,0.7403669724770642,0.7237668161434978
0.671589227582125,0.7031802120141343,0.7302752293577982,0.7164716471647165
0.6686022914640849,0.7008849557522124,0.726605504587156,0.7135135135135136
0.6652528220521711,0.6964129483814523,0.7302752293577982,0.7129422301836095
0.6811155033188179,0.7094240837696335,0.7458715596330275,0.7271914132379249
0.6684532617426965,0.6971527178602244,0.7412844036697248,0.7185415740329035
0.6697226567454446,0.6987012987012987,0.7403669724770642,0.7189309576837416
0.6702025113093477,0.7012302284710018,0.7321100917431193,0.7163375224416517
0.6642180695894814,0.6955380577427821,0.7293577981651376,0.7120465741155396
0.6735308417536887,0.7034120734908137,0.7376146788990826,0.7201074787281684
0.6652528220521711,0.6964129483814523,0.7302752293577982,0.7129422301836095
0.6730615566735721,0.7019982623805386,0.7412844036697248,0.7211066488174922
0.6707679786919207,0.7006980802792321,0.736697247706422,0.7182468694096601
0.6762831353316704,0.7049608355091384,0.7431192660550459,0.723537293434569
0.6704160148818331,0.6996527777777778,0.7394495412844037,0.7190008920606601
0.6805500359362449,0.7100175746924429,0.7412844036697248,0.725314183123878
0.6750348792964952,0.7057268722466961,0.7348623853211009,0.72
0.6819367522090221,0.7120141342756183,0.7394495412844037,0.7254725472547254
0.6697226567454446,0.6987012987012987,0.7403669724770642,0.7189309576837416
0.6763898871179133,0.7041522491349481,0.7467889908256881,0.7248441674087266
0.6708852999619499,0.701048951048951,0.7357798165137615,0.7179946284691137
0.677680421088234,0.7081128747795414,0.736697247706422,0.7221223021582733
0.6753657041390099,0.7044463818657367,0.7412844036697248,0.7223960661600357
0.6778833551769332,0.7052722558340536,0.7486238532110092,0.7263017356475301
0.6725172282585719,0.7048888888888889,0.7275229357798165,0.7160270880361174
0.6760590622753984,0.7054195804195804,0.7403669724770642,0.7224709042076992
0.6768803111656025,0.7079646017699115,0.7339449541284404,0.7207207207207207
0.6697226567454446,0.6987012987012987,0.7403669724770642,0.7189309576837416
0.6738828055637763,0.7044854881266491,0.7348623853211009,0.7193533902110463
0.6791633196634677,0.708041958041958,0.7431192660550459,0.7251566696508505
0.677680421088234,0.7081128747795414,0.736697247706422,0.7221223021582733
0.6830782564579546,0.7120280948200176,0.7440366972477064,0.7276805742485419
0.6710026212319791,0.7014010507880911,0.7348623853211009,0.717741935483871
0.6735414112374751,0.7045855379188712,0.7330275229357798,0.7185251798561151
0.6681330063839682,0.6994727592267135,0.7302752293577982,0.7145421903052065
0.6786189912484673,0.7110912343470484,0.7293577981651376,0.720108695652174
0.6796220352597979,0.7082969432314411,0.7440366972477064,0.7257270693512304
0.6728374836173001,0.7024432809773123,0.7385321100917431,0.7200357781753131
0.6781391366845642,0.7083700440528634,0.7376146788990826,0.7226966292134831
0.6770938147380882,0.7062937062937062,0.7412844036697248,0.7233661593554163
0.6789392466071957,0.7085162423178226,0.7403669724770642,0.7240915208613729
0.6729442354035429,0.7016478751084129,0.7422018348623853,0.7213553276861346
0.6816809707013909,0.708838821490468,0.7504587155963303,0.7290552584670231
0.6839851181668287,0.711304347826087,0.7504587155963303,0.7303571428571428
0.6680156851139392,0.6991228070175438,0.7311926605504587,0.7147982062780269
0.6700851900393185,0.7008771929824561,0.7330275229357798,0.7165919282511211
0.6752483828689808,0.7040905134899913,0.7422018348623853,0.7226440375167485
0.6762831353316704,0.7049608355091384,0.7431192660550459,0.723537293434569
0.6700851900393185,0.7008771929824561,0.7330275229357798,0.7165919282511211
0.6705333361518623,0.7,0.7385321100917431,0.71875
0.6801875026423709,0.7077189939288812,0.7486238532110092,0.7275969683459652
0.667877224876337,0.696551724137931,0.7412844036697248,0.7182222222222222
0.6758244197353401,0.7047038327526133,0.7422018348623853,0.7229669347631814
0.6675464000338224,0.6977351916376306,0.7348623853211009,0.7158176943699732
0.6789392466071957,0.7085162423178226,0.7403669724770642,0.7240915208613729
0.6748002367564369,0.7050043898156277,0.736697247706422,0.7205024674742037
0.6722720162347271,0.70298769771529,0.7339449541284404,0.718132854578097
0.6772322749756903,0.7090747330960854,0.7311926605504587,0.7199638663053297
0.6677810425738806,0.6984265734265734,0.7330275229357798,0.7153088630259624
0.6729653743711157,0.7039647577092512,0.7330275229357798,0.7182022471910112
0.6906629180230837,0.7180385288966725,0.7522935779816514,0.7347670250896058
0.6735519807212615,0.7057777777777777,0.728440366972477,0.7169300225733635
0.6811260728026044,0.7106420404573439,0.7412844036697248,0.7256398742703188
0.6716959793683677,0.7023705004389815,0.7339449541284404,0.7178106774338269
0.6653701433222001,0.6967572304995618,0.7293577981651376,0.712684894666069
0.6704160148818331,0.6996527777777778,0.7394495412844037,0.7190008920606601
0.6676637213038514,0.6980802792321117,0.7339449541284404,0.7155635062611807
0.6775630998182048,0.7077464788732394,0.7376146788990826,0.7223719676549866
0.6744377034625629,0.7027729636048526,0.7440366972477064,0.7228163992869875
0.6725922715934555,0.7006039689387403,0.744954128440367,0.7220987105380169
0.6783420707732635,0.7055267702936097,0.7495412844036697,0.7268683274021353
0.6730721261573585,0.7031523642732049,0.736697247706422,0.7195340501792115
0.673765484293747,0.704126426690079,0.7357798165137615,0.7196052041274114
0.673903944531349,0.7068811438784629,0.7256880733944954,0.7161611588954278
0.6728480531010865,0.7036059806508356,0.7339449541284404,0.7184553210597217
0.6684744007102694,0.6993865030674846,0.7321100917431193,0.715374271627073
0.6807846784763032,0.7107583774250441,0.7394495412844037,0.7248201438848921
0.6784699615270791,0.7070619006102877,0.7440366972477064,0.7250782297720161
0.6783737792246226,0.7091069849690539,0.7357798165137615,0.7221972084646555
0.6787151735509237,0.708994708994709,0.7376146788990826,0.7230215827338129
0.6783420707732635,0.7055267702936097,0.7495412844036697,0.7268683274021353
0.6779044941445059,0.707638279192274,0.7394495412844037,0.7231942575145806
0.6774352090643893,0.7061900610287707,0.7431192660550459,0.7241841752346894
0.6768486027142434,0.7044079515989629,0.7477064220183486,0.7254116599910992
0.6688157950365703,0.6993006993006993,0.7339449541284404,0.7162041181736795
0.6657009681647148,0.6955767562879445,0.7357798165137615,0.7151136870263041
0.6698505474992602,0.7001748251748252,0.7348623853211009,0.7170993733213966
0.6807741089925168,0.7095363079615048,0.7440366972477064,0.7263770712046574
0.6728374836173001,0.7024432809773123,0.7385321100917431,0.7200357781753131
0.6718133006383967,0.702726473175022,0.7330275229357798,0.7175572519083969
0.6738722360799898,0.7033158813263525,0.7394495412844037,0.7209302325581395
0.6787046040671374,0.7077865266841645,0.7422018348623853,0.7245857590685177
0.6796326047435842,0.7095070422535211,0.7394495412844037,0.7241689128481581
0.6771255231894474,0.7099373321396598,0.7275229357798165,0.7186225645672859
0.6758455587029129,0.7070796460176991,0.7330275229357798,0.7198198198198198
0.6745655942163784,0.7042869641294838,0.7385321100917431,0.7210031347962382
0.6768591721980297,0.705574912891986,0.7431192660550459,0.7238605898123325
0.6721546949646979,0.7026315789473684,0.7348623853211009,0.7183856502242153
0.6682503276539974,0.6998239436619719,0.7293577981651376,0.7142857142857143
0.6652528220521711,0.6964129483814523,0.7302752293577982,0.7129422301836095
0.6723787680209699,0.7021834061135371,0.7376146788990826,0.7194630872483222
0.6746829154864076,0.7046450482033304,0.7376146788990826,0.7207530255490812
0.6842303301906735,0.7132805628847845,0.7440366972477064,0.7283340817242928
0.6760590622753984,0.7054195804195804,0.7403669724770642,0.7224709042076992
0.670661226905678,0.7014925373134329,0.7330275229357798,0.7169134140870346
0.6746934849701941,0.7058303886925795,0.7330275229357798,0.7191719171917191
0.6757282374328838,0.7067137809187279,0.7339449541284404,0.7200720072007201
0.6675358305500358,0.6966292134831461,0.7394495412844037,0.7174009790832221
0.6699678687692893,0.7005253940455342,0.7339449541284404,0.7168458781362007
0.673989557350019,0.7036713286713286,0.7385321100917431,0.720680393912265
0.6713440155582802,0.7013100436681222,0.736697247706422,0.7185682326621924
0.6721546949646979,0.7026315789473684,0.7348623853211009,0.7183856502242153
0.6674290787637932,0.697391304347826,0.7357798165137615,0.7160714285714286
0.6731788779436012,0.7023498694516971,0.7403669724770642,0.7208575256811076
0.6692745106329006,0.6995633187772926,0.7348623853211009,0.7167785234899329
0.6788219253371666,0.708150744960561,0.7412844036697248,0.7243388614970865
0.6694129708705026,0.7022222222222222,0.7247706422018348,0.7133182844243793
0.6712161248044646,0.6998269896193772,0.7422018348623853,0.7203918076580588
0.6693812624191434,0.6987847222222222,0.7385321100917431,0.7181088314005353
0.672858622584873,0.7047872340425532,0.7293577981651376,0.7168620378719567
0.6698505474992602,0.7001748251748252,0.7348623853211009,0.7170993733213966
0.6780006764469624,0.7056277056277056,0.7477064220183486,0.7260579064587973
0.6668424724136472,0.6956896551724138,0.7403669724770642,0.7173333333333334
0.6711305119857947,0.7029177718832891,0.7293577981651376,0.7158937415578568
0.6825022195915951,0.7114035087719298,0.7440366972477064,0.7273542600896861
0.6760696317591849,0.7066079295154185,0.7357798165137615,0.7208988764044943
0.6718027311546104,0.7015706806282722,0.7376146788990826,0.7191413237924866
0.6710026212319791,0.7014010507880911,0.7348623853211009,0.717741935483871
0.6709920517481927,0.7002606429192006,0.7394495412844037,0.7193217313699242
0.676976493468059,0.705933682373473,0.7422018348623853,0.723613595706619
0.6666183993573753,0.6961038961038961,0.7376146788990826,0.7162583518930957
0.6749281275102524,0.7065602836879432,0.7311926605504587,0.7186654643823264
0.6731683084598149,0.7012089810017271,0.744954128440367,0.7224199288256228
0.675707098465311,0.7043478260869566,0.7431192660550459,0.7232142857142857
0.6697543651968038,0.7021276595744681,0.726605504587156,0.7141568981064021
0.6726028410772418,0.7017391304347826,0.7403669724770642,0.7205357142857143
0.6776698516044476,0.7069116360454943,0.7412844036697248,0.7236901030004478
0.66192449160783,0.6942003514938488,0.7247706422018348,0.7091561938958707
0.6685917219802986,0.6997366110623354,0.7311926605504587,0.71511888739345
0.664324821375724,0.6947826086956522,0.7330275229357798,0.7133928571428572
0.6608474612099945,0.6890971039182283,0.7422018348623853,0.7146643109540636
0.676976493468059,0.705933682373473,0.7422018348623853,0.723613595706619
0.6767524204117871,0.7063978965819456,0.7394495412844037,0.7225459435230838
0.6827368621316535,0.7121478873239436,0.7422018348623853,0.7268643306379156
0.6752378133851942,0.7029360967184801,0.7467889908256881,0.7241992882562278
0.6797393565298271,0.7086614173228346,0.7431192660550459,0.7254814151365876
0.6740963091362617,0.7028670721112077,0.7422018348623853,0.7219991075412762
0.677680421088234,0.7081128747795414,0.736697247706422,0.7221223021582733
0.6738616665962034,0.7021645021645022,0.7440366972477064,0.7224944320712695
0.6784488225595061,0.7047210300429184,0.7532110091743119,0.728159645232816
0.6759417410053693,0.7050610820244329,0.7412844036697248,0.7227191413237924
0.6783632097408362,0.7078947368421052,0.7403669724770642,0.7237668161434978
0.6658394284023168,0.6981465136804943,0.7256880733944954,0.711650922177238
0.6707679786919207,0.7006980802792321,0.736697247706422,0.7182468694096601
0.6822887160191096,0.7131438721136767,0.736697247706422,0.7247292418772563
0.6716854098845813,0.7012195121951219,0.7385321100917431,0.7193923145665773
0.6726134105610282,0.7028921998247152,0.7357798165137615,0.7189601075750784
0.6782353189870207,0.7063423110338836,0.7458715596330275,0.7255689424364123
0.6689331163065997,0.6996497373029772,0.7330275229357798,0.7159498207885304
0.6760484927916122,0.7042497831743278,0.744954128440367,0.7240303165403478
0.6767629898955734,0.7075971731448764,0.7348623853211009,0.720972097209721
0.6738722360799898,0.7033158813263525,0.7394495412844037,0.7209302325581395
0.6745444552488057,0.7019810508182601,0.7477064220183486,0.7241226121723678
0.6727095928634845,0.7009507346585998,0.7440366972477064,0.7218513573653761
0.6734029509998731,0.7019064124783362,0.7431192660550459,0.7219251336898396
0.6747896672726504,0.7038327526132404,0.7412844036697248,0.7220732797140303
0.6664048957848898,0.6976336546888694,0.7302752293577982,0.7135813536530704
0.6799739990698854,0.7093942054433714,0.7412844036697248,0.7249887842081651
0.6697226567454446,0.6987012987012987,0.7403669724770642,0.7189309576837416
0.6702130807931341,0.7023914968999114,0.7275229357798165,0.7147363677332131
0.6738616665962034,0.7021645021645022,0.7440366972477064,0.7224944320712695
0.6747896672726504,0.7038327526132404,0.7412844036697248,0.7220732797140303
0.6751627700503107,0.7072953736654805,0.7293577981651376,0.7181571815718157
0.6723787680209699,0.7021834061135371,0.7376146788990826,0.7194630872483222
0.6739789878662327,0.7025151777970512,0.7431192660550459,0.722246990637539
0.6807846784763032,0.7107583774250441,0.7394495412844037,0.7248201438848921
0.6787902168858073,0.7046232876712328,0.755045871559633,0.728963684676705
0.6663943263011035,0.6965217391304348,0.7348623853211009,0.7151785714285714
0.6708747304781634,0.6999132697311362,0.7403669724770642,0.7195720017833259
0.6721441254809115,0.70147954743255,0.7394495412844037,0.7199642697632872
0.6839851181668287,0.711304347826087,0.7504587155963303,0.7303571428571428
0.6722720162347271,0.70298769771529,0.7339449541284404,0.718132854578097
0.6791316112121084,0.7045260461144321,0.7568807339449541,0.729765590446705
0.6719094829408532,0.7007805724197745,0.7412844036697248,0.7204636647347302
0.6715786580983385,0.7020157756354075,0.7348623853211009,0.7180636485880771
0.6804327146662157,0.7096491228070175,0.7422018348623853,0.7255605381165919
0.6788219253371666,0.708150744960561,0.7412844036697248,0.7243388614970865
0.6724749503234263,0.7002583979328165,0.7458715596330275,0.7223456241670368
0.6779044941445059,0.707638279192274,0.7394495412844037,0.7231942575145806
0.6794085316873124,0.7099911582670203,0.736697247706422,0.7230977037370554
0.6778833551769332,0.7052722558340536,0.7486238532110092,0.7263017356475301
0.6727413013148439,0.7044247787610619,0.7302752293577982,0.7171171171171171
0.6877933031750729,0.7161687170474517,0.7477064220183486,0.7315978456014363
0.6784699615270791,0.7070619006102877,0.7440366972477064,0.7250782297720161
0.6696159049592018,0.6994773519163763,0.736697247706422,0.7176050044682752
0.6750243098127087,0.7045454545454546,0.7394495412844037,0.7215756490599821
0.674213630406291,0.7032201914708442,0.7412844036697248,0.7217507815989281
0.673989557350019,0.7036713286713286,0.7385321100917431,0.720680393912265
0.6790671373610113,0.7101063829787234,0.7348623853211009,0.7222723174030659
0.6758349892191264,0.7058823529411765,0.7376146788990826,0.721399730820996
0.6858199805521498,0.7123050259965338,0.7541284403669725,0.732620320855615
0.6775630998182048,0.7077464788732394,0.7376146788990826,0.7223719676549866
0.6727413013148439,0.7044247787610619,0.7302752293577982,0.7171171171171171
0.6670876844374921,0.6974716652136007,0.7339449541284404,0.7152436298614215
0.6759417410053693,0.7050610820244329,0.7412844036697248,0.7227191413237924
0.661476345495286,0.6950354609929078,0.7192660550458716,0.7069431920649234
0.6782353189870207,0.7063423110338836,0.7458715596330275,0.7255689424364123
0.6742241998900773,0.7043859649122807,0.736697247706422,0.7201793721973094
0.6688052255527841,0.6981786643538594,0.7385321100917431,0.7177886758805172
0.6600684902549361,0.6909722222222222,0.7302752293577982,0.7100802854594113
0.6828436139178963,0.7112860892388452,0.7458715596330275,0.7281683833407971
0.6644738510971124,0.6984834968777877,0.718348623853211,0.7082767978290366
0.6758349892191264,0.7058823529411765,0.7376146788990826,0.721399730820996
0.6757282374328838,0.7067137809187279,0.7339449541284404,0.7200720072007201
0.671792161670824,0.7004329004329004,0.7422018348623853,0.7207126948775056
0.6803048239124001,0.7080799304952216,0.7477064220183486,0.7273538598839804
0.674213630406291,0.7032201914708442,0.7412844036697248,0.7217507815989281
0.6723787680209699,0.7021834061135371,0.7376146788990826,0.7194630872483222
0.6749069885426795,0.7041884816753927,0.7403669724770642,0.721824686940966
0.6760696317591849,0.7066079295154185,0.7357798165137615,0.7208988764044943
0.6670020716188221,0.7005347593582888,0.7211009174311926,0.7106690777576854
0.6781391366845642,0.7083700440528634,0.7376146788990826,0.7226966292134831
0.6701919418255612,0.7000871839581517,0.736697247706422,0.7179257934734019
0.674213630406291,0.7032201914708442,0.7412844036697248,0.7217507815989281
0.6797182175622544,0.7062876830318691,0.7522935779816514,0.7285650821856953
0.6707785481757071,0.7018469656992085,0.7321100917431193,0.7166591827570723
0.6783632097408362,0.7078947368421052,0.7403669724770642,0.7237668161434978
0.6759417410053693,0.7050610820244329,0.7412844036697248,0.7227191413237924
0.6645594639157824,0.6954624781849913,0.7311926605504587,0.7128801431127012
0.6795047139897687,0.7079337401918047,0.744954128440367,0.7259722843093429
0.6782564579545933,0.7087378640776699,0.736697247706422,0.7224471434997751
0.6769659239842727,0.7047619047619048,0.7467889908256881,0.7251670378619154
0.6759417410053693,0.7050610820244329,0.7412844036697248,0.7227191413237924
0.6702130807931341,0.7023914968999114,0.7275229357798165,0.7147363677332131
0.6735097027861159,0.7011197243755384,0.7467889908256881,0.7232341181697024
0.6725066587747854,0.7037037037037037,0.7321100917431193,0.7176258992805755
0.6702130807931341,0.7023914968999114,0.7275229357798165,0.7147363677332131
0.6643142518919376,0.6937014667817084,0.7376146788990826,0.7149844375277902
0.6757176679490973,0.7055214723926381,0.7385321100917431,0.7216494845360825
0.6673117574937639,0.6970486111111112,0.736697247706422,0.7163247100802854
0.6745655942163784,0.7042869641294838,0.7385321100917431,0.7210031347962382
0.6738616665962034,0.7021645021645022,0.7440366972477064,0.7224944320712695
0.6795047139897687,0.7079337401918047,0.744954128440367,0.7259722843093429
0.6744588424301357,0.7051056338028169,0.7348623853211009,0.7196765498652291
0.6743415211601065,0.7047451669595782,0.7357798165137615,0.7199281867145422
0.6809981820487888,0.7090592334494773,0.7467889908256881,0.7274352100089365
0.6789392466071957,0.7085162423178226,0.7403669724770642,0.7240915208613729
0.6733067686974168,0.7038664323374341,0.7348623853211009,0.7190305206463196
0.6731788779436012,0.7023498694516971,0.7403669724770642,0.7208575256811076
0.6621485646641018,0.6937882764654418,0.7275229357798165,0.7102552619793999
0.6711093730182218,0.700609225413403,0.7385321100917431,0.7190710138454667
0.672016234727096,0.7,0.744954128440367,0.7217777777777777
0.6754830254090389,0.7048034934497817,0.7403669724770642,0.7221476510067114
0.6714507673445228,0.7005208333333334,0.7403669724770642,0.719892952720785
0.6711093730182218,0.700609225413403,0.7385321100917431,0.7190710138454667
0.6729548048873293,0.7027972027972028,0.7376146788990826,0.7197851387645479
0.6791527501796812,0.7068516912402428,0.7477064220183486,0.7267053053945609
0.6714613368283093,0.7016622922134733,0.7357798165137615,0.7183161665920287
0.6719306219084259,0.7030837004405286,0.7321100917431193,0.7173033707865168
0.6785978522808945,0.7086267605633803,0.7385321100917431,0.7232704402515723
0.6709814822644062,0.6991379310344827,0.7440366972477064,0.7208888888888889
0.676976493468059,0.705933682373473,0.7422018348623853,0.723613595706619
0.6710131907157655,0.7025595763459841,0.7302752293577982,0.7161493477282951
0.6740963091362617,0.7028670721112077,0.7422018348623853,0.7219991075412762
0.6734029509998731,0.7019064124783362,0.7431192660550459,0.7219251336898396
0.6843476514607025,0.7136563876651982,0.7431192660550459,0.7280898876404495
0.6785872827971082,0.7074235807860262,0.7431192660550459,0.7248322147651006
0.6718133006383967,0.702726473175022,0.7330275229357798,0.7175572519083969
0.6724855198072126,0.7013888888888888,0.7412844036697248,0.72078501338091
0.677200566524331,0.7054735013032146,0.744954128440367,0.7246764837126283
0.6625005284741893,0.6948109058927001,0.7247706422018348,0.7094746295464751
0.6663943263011035,0.6965217391304348,0.7348623853211009,0.7151785714285714
0.6790565678772248,0.7088830255057168,0.7394495412844037,0.7238437359676695
0.678694034583351,0.7065972222222222,0.7467889908256881,0.7261373773416593
0.6758349892191264,0.7058823529411765,0.7376146788990826,0.721399730820996
0.67731788779436,0.7058311575282855,0.7440366972477064,0.7244305493523895
0.6755041643766119,0.707187222715173,0.7311926605504587,0.7189896256202075
0.6800807508561283,0.7085514834205934,0.744954128440367,0.7262969588550984
0.6864065869022957,0.7141608391608392,0.7495412844036697,0.7314234556848702
0.6819156132414494,0.7095652173913043,0.7486238532110092,0.7285714285714285
0.6783737792246226,0.7091069849690539,0.7357798165137615,0.7221972084646555
0.6793768232359532,0.7063903281519862,0.7504587155963303,0.7277580071174378
0.6842303301906735,0.7132805628847845,0.7440366972477064,0.7283340817242928
0.6743415211601065,0.7047451669595782,0.7357798165137615,0.7199281867145422
0.6641113178032384,0.6963028169014085,0.7256880733944954,0.710691823899371
0.6769870629518454,0.7071240105540897,0.7376146788990826,0.7220475976650202
0.6760484927916122,0.7042497831743278,0.744954128440367,0.7240303165403478
0.674555024732592,0.703125,0.7431192660550459,0.7225691347011597
0.6772217054919037,0.707855251544572,0.7357798165137615,0.7215474583895637
0.6837504756267705,0.7105719237435009,0.7522935779816514,0.7308377896613191
0.6754830254090389,0.7048034934497817,0.7403669724770642,0.7221476510067114
0.6736481630237178,0.7037686240140227,0.736697247706422,0.7198565665620797
0.676496638904156,0.70335339638865,0.7504587155963303,0.7261429205503773
0.6776909905720205,0.7093333333333334,0.7321100917431193,0.7205417607223477
0.6739684183824463,0.7013769363166954,0.7477064220183486,0.7238010657193605
0.6723787680209699,0.7021834061135371,0.7376146788990826,0.7194630872483222
0.6727095928634845,0.7009507346585998,0.7440366972477064,0.7218513573653761
0.6825022195915951,0.7114035087719298,0.7440366972477064,0.7273542600896861
0.6623514987528009,0.6912521440823327,0.7394495412844037,0.7145390070921985
0.6752378133851942,0.7029360967184801,0.7467889908256881,0.7241992882562278
0.6748002367564369,0.7050043898156277,0.736697247706422,0.7205024674742037
0.6745761637001649,0.7054673721340388,0.7339449541284404,0.7194244604316546
0.6651460702659282,0.6971830985915493,0.726605504587156,0.7115902964959568
0.6788113558533801,0.7069565217391305,0.7458715596330275,0.7258928571428571
0.6767524204117871,0.7063978965819456,0.7394495412844037,0.7225459435230838
0.6801875026423709,0.7077189939288812,0.7486238532110092,0.7275969683459652
0.6732961992136304,0.7027027027027027,0.7394495412844037,0.7206079570853822
0.6767418509280008,0.7052173913043478,0.7440366972477064,0.7241071428571428
0.6734135204836595,0.7030567685589519,0.7385321100917431,0.7203579418344519
0.6738722360799898,0.7033158813263525,0.7394495412844037,0.7209302325581395
0.6753762736227963,0.7056239015817223,0.736697247706422,0.7208258527827648
0.6765177778717286,0.7056768558951965,0.7412844036697248,0.7230425055928411
0.6769659239842727,0.7047619047619048,0.7467889908256881,0.7251670378619154
0.6815847883989347,0.710896309314587,0.7422018348623853,0.7262118491921006
0.6709920517481927,0.7002606429192006,0.7394495412844037,0.7193217313699242
0.6752483828689808,0.7040905134899913,0.7422018348623853,0.7226440375167485
0.6852756521371496,0.7154255319148937,0.7403669724770642,0.7276825969341749
0.6826195408616244,0.7117750439367311,0.7431192660550459,0.7271095152603232
0.6758455587029129,0.7070796460176991,0.7330275229357798,0.7198198198198198
0.6747896672726504,0.7038327526132404,0.7412844036697248,0.7220732797140303
0.6787046040671374,0.7077865266841645,0.7422018348623853,0.7245857590685177
0.6812328245888472,0.7097902097902098,0.744954128440367,0.7269471799462847
0.6747790977888639,0.7026793431287813,0.7458715596330275,0.7236315086782377
0.6735308417536887,0.7034120734908137,0.7376146788990826,0.7201074787281684
0.6773390267619329,0.7082228116710876,0.7348623853211009,0.7212967131922557
0.6785661438295354,0.705073086844368,0.7522935779816514,0.7279183311140701
0.6742241998900773,0.7043859649122807,0.736697247706422,0.7201793721973094
0.6809981820487888,0.7090592334494773,0.7467889908256881,0.7274352100089365
0.666522217054919,0.6979806848112379,0.7293577981651376,0.7133243606998654
0.6822781465353233,0.7118942731277533,0.7412844036697248,0.7262921348314607
0.6733923815160868,0.7007738607050731,0.7477064220183486,0.723479804704838
0.6788113558533801,0.7069565217391305,0.7458715596330275,0.7258928571428571
0.6768591721980297,0.705574912891986,0.7431192660550459,0.7238605898123325
0.6784488225595061,0.7047210300429184,0.7532110091743119,0.728159645232816
0.6707574092081343,0.6995670995670996,0.7412844036697248,0.7198218262806236
0.6764110260854861,0.7065026362038664,0.7376146788990826,0.7217235188509874
0.6723681985371834,0.7010398613518197,0.7422018348623853,0.7210338680926917
0.6719094829408532,0.7007805724197745,0.7412844036697248,0.7204636647347302
0.6859584407897517,0.7151675485008818,0.7440366972477064,0.72931654676259
0.6746934849701941,0.7058303886925795,0.7330275229357798,0.7191719171917191
0.6813290068913034,0.7077586206896552,0.7532110091743119,0.7297777777777777
0.6741174481038346,0.705207413945278,0.7330275229357798,0.7188484030589294
0.6764110260854861,0.7065026362038664,0.7376146788990826,0.7217235188509874
0.6818194309389929,0.7116402116402116,0.7403669724770642,0.7257194244604317
0.6754724559252526,0.7036395147313691,0.744954128440367,0.7237076648841355
0.669957299285503,0.6993918331885317,0.7385321100917431,0.7184292726461401
0.6746617765188349,0.7023295944779983,0.7467889908256881,0.7238772787905736
0.6735202722699024,0.7022569444444444,0.7422018348623853,0.7216770740410348
0.6750137403289224,0.7033824804856895,0.7440366972477064,0.7231386535889434
0.6662770050310743,0.6961805555555556,0.7357798165137615,0.7154326494201606
0.6666289688411619,0.6972076788830716,0.7330275229357798,0.7146690518783542
0.680528896968672,0.7076124567474048,0.7504587155963303,0.7284060552092609
0.6762937048154568,0.706140350877193,0.7385321100917431,0.7219730941704036
0.6732000169111741,0.7046861184792219,0.7311926605504587,0.7176947321026564
0.6776698516044476,0.7069116360454943,0.7412844036697248,0.7236901030004478
0.680101889823701,0.7109929078014184,0.7357798165137615,0.7231740306582507
0.6732961992136304,0.7027027027027027,0.7394495412844037,0.7206079570853822
0.6773390267619329,0.7082228116710876,0.7348623853211009,0.7212967131922557
0.6809981820487888,0.7090592334494773,0.7467889908256881,0.7274352100089365
0.6749175580264659,0.7053649956024626,0.7357798165137615,0.7202514593623709
0.6708747304781634,0.6999132697311362,0.7403669724770642,0.7195720017833259
0.6760484927916122,0.7042497831743278,0.744954128440367,0.7240303165403478
0.6688157950365703,0.6993006993006993,0.7339449541284404,0.7162041181736795
0.6756003466790681,0.705161854768154,0.7394495412844037,0.7218987908643081
0.6726028410772418,0.7017391304347826,0.7403669724770642,0.7205357142857143
0.6787151735509237,0.708994708994709,0.7376146788990826,0.7230215827338129
0.6754724559252526,0.7036395147313691,0.744954128440367,0.7237076648841355
0.6807424005411575,0.705982905982906,0.7577981651376147,0.7309734513274336
0.6830888259417409,0.7132743362831858,0.7394495412844037,0.7261261261261261
0.6720479431784552,0.703442188879082,0.7311926605504587,0.7170490328385065
0.6688263645203569,0.7004405286343612,0.7293577981651376,0.7146067415730337
0.6804221451824293,0.7084421235857267,0.7467889908256881,0.7271103171058508
0.6733067686974168,0.7038664323374341,0.7348623853211009,0.7190305206463196
0.6692745106329006,0.6995633187772926,0.7348623853211009,0.7167785234899329
0.6805606054200313,0.7112488928255093,0.736697247706422,0.7237494366831906
0.6820435039952648,0.7111501316944688,0.7431192660550459,0.7267833109017496
0.6752483828689808,0.7040905134899913,0.7422018348623853,0.7226440375167485
0.6828330444341099,0.7100694444444444,0.7504587155963303,0.7297056199821588
0.6789286771234094,0.7073170731707317,0.744954128440367,0.7256478999106345
0.6785872827971082,0.7074235807860262,0.7431192660550459,0.7248322147651006
0.6813607153426626,0.7113857016769638,0.7394495412844037,0.7251461988304093
0.6704371538494059,0.7019400352733686,0.7302752293577982,0.7158273381294964
0.6797393565298271,0.7086614173228346,0.7431192660550459,0.7254814151365876
0.6805394664524586,0.7088055797733217,0.7458715596330275,0.7268663388466696
0.6776592821206613,0.7057291666666666,0.7458715596330275,0.7252453166815344
0.6809981820487888,0.7090592334494773,0.7467889908256881,0.7274352100089365
0.6743415211601065,0.7047451669595782,0.7357798165137615,0.7199281867145422
0.6754830254090389,0.7048034934497817,0.7403669724770642,0.7221476510067114
0.6692745106329006,0.6995633187772926,0.7348623853211009,0.7167785234899329
0.6705333361518623,0.7,0.7385321100917431,0.71875
0.6673223269775505,0.6981627296587927,0.7321100917431193,0.7147335423197492
0.6722614467509407,0.7018308631211857,0.7385321100917431,0.7197139025480555
0.6790459983934384,0.7076788830715532,0.7440366972477064,0.725402504472272
0.6679195028114827,0.701067615658363,0.7229357798165138,0.7118337850045167
0.6742241998900773,0.7043859649122807,0.736697247706422,0.7201793721973094
0.6675358305500358,0.6966292134831461,0.7394495412844037,0.7174009790832221
0.6731894474273876,0.7035087719298245,0.7357798165137615,0.7192825112107624
0.6645488944319959,0.6943722943722944,0.7357798165137615,0.7144766146993319
0.6728374836173001,0.7024432809773123,0.7385321100917431,0.7200357781753131
0.6722825857185136,0.704162976085031,0.7293577981651376,0.7165389815232086
0.673424089967446,0.704225352112676,0.7339449541284404,0.7187780772686433
0.6803365323637593,0.7117437722419929,0.7339449541284404,0.7226738934056007
0.6798566777998563,0.7090271691498685,0.7422018348623853,0.7252353204840879
0.6743203821925338,0.7024221453287197,0.744954128440367,0.7230632235084595
0.6728374836173001,0.7024432809773123,0.7385321100917431,0.7200357781753131
0.6809981820487888,0.7090592334494773,0.7467889908256881,0.7274352100089365
0.672496089290999,0.7025371828521435,0.736697247706422,0.7192118226600985
0.669957299285503,0.6993918331885317,0.7385321100917431,0.7184292726461401
0.6752589523527671,0.7052631578947368,0.7376146788990826,0.7210762331838565
0.6710131907157655,0.7025595763459841,0.7302752293577982,0.7161493477282951
0.6748964190588932,0.703030303030303,0.744954128440367,0.7233853006681514
0.6769976324356318,0.7083333333333334,0.7330275229357798,0.7204688908926962
0.6707574092081343,0.6995670995670996,0.7412844036697248,0.7198218262806236
0.6690504375766289,0.7,0.7321100917431193,0.715695067264574
0.6664048957848898,0.6976336546888694,0.7302752293577982,0.7135813536530704
0.6753762736227963,0.7056239015817223,0.736697247706422,0.7208258527827648
0.6692850801166872,0.7007042253521126,0.7302752293577982,0.7151841868823001
0.6791738891472539,0.7092511013215859,0.7385321100917431,0.7235955056179775
0.6785978522808945,0.7086267605633803,0.7385321100917431,0.7232704402515723
0.6653595738384137,0.6956521739130435,0.7339449541284404,0.7142857142857143
0.67378662326132,0.7065120428189117,0.726605504587156,0.7164179104477612
0.6807846784763032,0.7107583774250441,0.7394495412844037,0.7248201438848921
0.6708747304781634,0.6999132697311362,0.7403669724770642,0.7195720017833259
0.6786084217646811,0.709849157054126,0.7339449541284404,0.7216959855660803
0.6716854098845813,0.7012195121951219,0.7385321100917431,0.7193923145665773
0.6738722360799898,0.7033158813263525,0.7394495412844037,0.7209302325581395
0.6667357206274045,0.6964440589765828,0.736697247706422,0.7160053499777084
0.6814568976451191,0.7093124456048738,0.7477064220183486,0.7280035730236712
0.6691783283304443,0.7015057573073517,0.726605504587156,0.7138350608382155
0.6780218154145351,0.7080035180299032,0.7385321100917431,0.7229456668163449
0.6751522005665244,0.706090026478376,0.7339449541284404,0.7197480881691408
0.6751627700503107,0.7072953736654805,0.7293577981651376,0.7181571815718157
0.6713440155582802,0.7013100436681222,0.736697247706422,0.7185682326621924
0.6807741089925168,0.7095363079615048,0.7440366972477064,0.7263770712046574
0.6691571893628715,0.6992153443766347,0.7357798165137615,0.7170317389360751
0.6749175580264659,0.7053649956024626,0.7357798165137615,0.7202514593623709
0.6689119773390267,0.6974137931034483,0.7422018348623853,0.7191111111111111
0.6846890457870038,0.7135325131810193,0.744954128440367,0.7289048473967684
0.679515283473555,0.7091388400702988,0.7403669724770642,0.7244165170556554
0.68573436773348,0.7156775907883083,0.7412844036697248,0.7282559711581793
0.6740963091362617,0.7028670721112077,0.7422018348623853,0.7219991075412762
0.6702025113093477,0.7012302284710018,0.7321100917431193,0.7163375224416517
0.6752483828689808,0.7040905134899913,0.7422018348623853,0.7226440375167485
0.6745761637001649,0.7054673721340388,0.7339449541284404,0.7194244604316546
0.670661226905678,0.7014925373134329,0.7330275229357798,0.7169134140870346
0.6775630998182048,0.7077464788732394,0.7376146788990826,0.7223719676549866
0.6770938147380882,0.7062937062937062,0.7412844036697248,0.7233661593554163
0.6594924533885764,0.6903729401561145,0.7302752293577982,0.7097637093178778
0.674555024732592,0.703125,0.7431192660550459,0.7225691347011597
0.6735097027861159,0.7011197243755384,0.7467889908256881,0.7232341181697024
0.6697332262292309,0.699825479930192,0.7357798165137615,0.7173524150268337
0.6737549148099606,0.7029616724738676,0.7403669724770642,0.7211796246648794
0.6806673572062739,0.710387323943662,0.7403669724770642,0.7250673854447439
0.6766350991417578,0.7060367454068242,0.7403669724770642,0.7227944469323779
0.675568638227709,0.7017094017094017,0.7532110091743119,0.7265486725663717
0.6695302921405318,0.7025823686553874,0.7238532110091743,0.7130591956619973
0.6719306219084259,0.7030837004405286,0.7321100917431193,0.7173033707865168
0.670661226905678,0.7014925373134329,0.7330275229357798,0.7169134140870346
0.6762937048154568,0.706140350877193,0.7385321100917431,0.7219730941704036
0.6766245296579716,0.7048611111111112,0.744954128440367,0.7243532560214094
0.6684744007102694,0.6993865030674846,0.7321100917431193,0.715374271627073
0.6677704730900942,0.6973113616652211,0.7376146788990826,0.7168970129291128
0.6779150636282925,0.7088495575221239,0.7348623853211009,0.7216216216216216
0.6768697416818162,0.7067603160667252,0.7385321100917431,0.7222969941677883
0.6741068786200481,0.7040280210157618,0.7376146788990826,0.7204301075268817
0.6767418509280008,0.7052173913043478,0.7440366972477064,0.7241071428571428
0.6686984737665413,0.6989528795811518,0.7348623853211009,0.7164579606440071
0.6791738891472539,0.7092511013215859,0.7385321100917431,0.7235955056179775
0.6669915021350357,0.6993810786914235,0.7256880733944954,0.7122917604682576
0.6774457785481757,0.7073813708260105,0.7385321100917431,0.72262118491921
0.6736481630237178,0.7037686240140227,0.736697247706422,0.7198565665620797
0.6743309516763202,0.7035745422842197,0.7403669724770642,0.721502011622709
0.6714613368283093,0.7016622922134733,0.7357798165137615,0.7183161665920287
0.6758138502515538,0.7035436473638721,0.7467889908256881,0.7245215843346684
0.6788113558533801,0.7069565217391305,0.7458715596330275,0.7258928571428571
0.6715680886145519,0.7008695652173913,0.7394495412844037,0.7196428571428571
0.6587990952521878,0.6894463667820069,0.7311926605504587,0.709706144256456
0.6676320128524923,0.6947996589940324,0.7477064220183486,0.7202828104286345
0.674213630406291,0.7032201914708442,0.7412844036697248,0.7217507815989281
0.6619139221240435,0.6931124673060157,0.7293577981651376,0.7107733571747876
0.6793768232359532,0.7063903281519862,0.7504587155963303,0.7277580071174378
0.6883799095252188,0.7180851063829787,0.7431192660550459,0.7303877366997295
0.6760802012429713,0.7078152753108348,0.7311926605504587,0.7193140794223827
0.6784805310108655,0.7082601054481547,0.7394495412844037,0.7235188509874326
0.6702130807931341,0.7023914968999114,0.7275229357798165,0.7147363677332131
0.6777766033906905,0.7060869565217391,0.744954128440367,0.725
0.6760484927916122,0.7042497831743278,0.744954128440367,0.7240303165403478
0.6721546949646979,0.7026315789473684,0.7348623853211009,0.7183856502242153
0.6723787680209699,0.7021834061135371,0.7376146788990826,0.7194630872483222
0.674213630406291,0.7032201914708442,0.7412844036697248,0.7217507815989281
0.6820329345114784,0.7099303135888502,0.7477064220183486,0.7283288650580876
0.683536972054285,0.712280701754386,0.744954128440367,0.7282511210762331
0.6762831353316704,0.7049608355091384,0.7431192660550459,0.723537293434569
0.6783526402570499,0.7067014795474326,0.744954128440367,0.7253238052702099
0.6778939246607195,0.7064459930313589,0.7440366972477064,0.7247542448614834
0.6738722360799898,0.7033158813263525,0.7394495412844037,0.7209302325581395
0.6754935948928255,0.7059859154929577,0.7357798165137615,0.7205750224618149
0.6688052255527841,0.6981786643538594,0.7385321100917431,0.7177886758805172
0.6774457785481757,0.7073813708260105,0.7385321100917431,0.72262118491921
0.673989557350019,0.7036713286713286,0.7385321100917431,0.720680393912265
0.6727307318310574,0.7032484635645303,0.7348623853211009,0.7187079407806191
0.6775525303344185,0.7065502183406114,0.7422018348623853,0.7239373601789709
0.6705333361518623,0.7,0.7385321100917431,0.71875
0.6805500359362449,0.7100175746924429,0.7412844036697248,0.725314183123878
0.6729548048873293,0.7027972027972028,0.7376146788990826,0.7197851387645479
0.6806673572062739,0.710387323943662,0.7403669724770642,0.7250673854447439
0.6767312814442143,0.7040552200172563,0.7486238532110092,0.7256558470431302
0.6720373736946688,0.702276707530648,0.7357798165137615,0.7186379928315412
0.6713228765907073,0.6990541702493551,0.7458715596330275,0.7217043941411452
0.6758244197353401,0.7047038327526133,0.7422018348623853,0.7229669347631814
0.6740001268338055,0.7048458149779736,0.7339449541284404,0.7191011235955056
0.6783526402570499,0.7067014795474326,0.744954128440367,0.7253238052702099
0.673765484293747,0.704126426690079,0.7357798165137615,0.7196052041274114
0.6820435039952648,0.7111501316944688,0.7431192660550459,0.7267833109017496
0.6739789878662327,0.7025151777970512,0.7431192660550459,0.722246990637539
0.6760590622753984,0.7054195804195804,0.7403669724770642,0.7224709042076992
0.6836542933243142,0.7126537785588752,0.7440366972477064,0.7280071813285458
0.6796220352597979,0.7082969432314411,0.7440366972477064,0.7257270693512304
0.6711305119857947,0.7029177718832891,0.7293577981651376,0.7158937415578568
0.6789392466071957,0.7085162423178226,0.7403669724770642,0.7240915208613729
0.673989557350019,0.7036713286713286,0.7385321100917431,0.720680393912265
0.6813501458588762,0.7101576182136602,0.7440366972477064,0.7267025089605734
0.668719612734114,0.7012411347517731,0.7256880733944954,0.7132551848512173
0.6651249312983554,0.6949740034662045,0.7357798165137615,0.714795008912656
0.6778833551769332,0.7052722558340536,0.7486238532110092,0.7263017356475301
0.6796326047435842,0.7095070422535211,0.7394495412844037,0.7241689128481581
0.6819261827252356,0.7107800175284837,0.7440366972477064,0.7270282384580905
0.6696159049592018,0.6994773519163763,0.736697247706422,0.7176050044682752
0.6761869530292142,0.706972639011474,0.7348623853211009,0.7206477732793523
0.6768591721980297,0.705574912891986,0.7431192660550459,0.7238605898123325
0.6767312814442143,0.7040552200172563,0.7486238532110092,0.7256558470431302
0.6650181795121126,0.6957279860505667,0.7321100917431193,0.713455520786768
0.6803153933961865,0.7092819614711033,0.7431192660550459,0.7258064516129032
0.6721546949646979,0.7026315789473684,0.7348623853211009,0.7183856502242153
0.6805500359362449,0.7100175746924429,0.7412844036697248,0.725314183123878
0.6854997251934214,0.7149161518093556,0.7431192660550459,0.728744939271255
0.6716854098845813,0.7012195121951219,0.7385321100917431,0.7193923145665773
0.6822781465353233,0.7118942731277533,0.7412844036697248,0.7262921348314607
0.6869826237686552,0.7147856517935258,0.7495412844036697,0.7317510076130765
0.6645700333995688,0.6965699208443272,0.726605504587156,0.7112707678491244
0.670074620555532,0.6997389033942559,0.7376146788990826,0.7181777579276463
0.6774352090643893,0.7061900610287707,0.7431192660550459,0.7241841752346894
0.6721335559971251,0.7003454231433506,0.7440366972477064,0.7215302491103203
0.6749069885426795,0.7041884816753927,0.7403669724770642,0.721824686940966
0.6697437957130175,0.7009674582233949,0.7311926605504587,0.7157611136057477
0.6741068786200481,0.7040280210157618,0.7376146788990826,0.7204301075268817
0.669594765991629,0.6972555746140652,0.7458715596330275,0.7207446808510638
0.6657115376485013,0.6966783216783217,0.7311926605504587,0.7135183527305282
0.6783737792246226,0.7091069849690539,0.7357798165137615,0.7221972084646555
0.6785978522808945,0.7086267605633803,0.7385321100917431,0.7232704402515723
0.6714613368283093,0.7016622922134733,0.7357798165137615,0.7183161665920287
0.6790565678772248,0.7088830255057168,0.7394495412844037,0.7238437359676695
0.6708958694457362,0.7022026431718061,0.7311926605504587,0.7164044943820225
0.6873240180949562,0.7146596858638743,0.7513761467889908,0.7325581395348837
0.6730615566735721,0.7019982623805386,0.7412844036697248,0.7211066488174922
0.6913562761594725,0.7190517998244074,0.7513761467889908,0.7348586810228802
0.6818088614552066,0.710411198600175,0.744954128440367,0.7272727272727273
0.6750348792964952,0.7057268722466961,0.7348623853211009,0.72
0.6729548048873293,0.7027972027972028,0.7376146788990826,0.7197851387645479
0.6713545850420665,0.7024647887323944,0.7321100917431193,0.7169811320754716
0.6726239800448146,0.7040636042402827,0.7311926605504587,0.7173717371737174
0.6744588424301357,0.7051056338028169,0.7348623853211009,0.7196765498652291
0.6761869530292142,0.706972639011474,0.7348623853211009,0.7206477732793523
0.6757176679490973,0.7055214723926381,0.7385321100917431,0.7216494845360825
0.6745655942163784,0.7042869641294838,0.7385321100917431,0.7210031347962382
0.6839851181668287,0.711304347826087,0.7504587155963303,0.7303571428571428
0.6639728575656365,0.6937716262975778,0.7357798165137615,0.7141585040071238
0.6711305119857947,0.7029177718832891,0.7293577981651376,0.7158937415578568
0.6744588424301357,0.7051056338028169,0.7348623853211009,0.7196765498652291
0.6799845685536718,0.7106194690265487,0.736697247706422,0.7234234234234235
0.6794835750221959,0.7055793991416309,0.7541284403669725,0.7290465631929046
0.6679945461463661,0.6968911917098446,0.7403669724770642,0.7179715302491103
0.6765283473555151,0.7068661971830986,0.736697247706422,0.7214734950584007
0.6775525303344185,0.7065502183406114,0.7422018348623853,0.7239373601789709
0.6755897771952818,0.7039930555555556,0.7440366972477064,0.7234611953612846
0.676976493468059,0.705933682373473,0.7422018348623853,0.723613595706619
0.6753657041390099,0.7044463818657367,0.7412844036697248,0.7223960661600357
0.675707098465311,0.7043478260869566,0.7431192660550459,0.7232142857142857
0.6697332262292309,0.699825479930192,0.7357798165137615,0.7173524150268337
0.6670876844374921,0.6974716652136007,0.7339449541284404,0.7152436298614215
0.6805500359362449,0.7100175746924429,0.7412844036697248,0.725314183123878
0.6761658140616412,0.7046046915725456,0.7440366972477064,0.7237840249888443
0.6707785481757071,0.7018469656992085,0.7321100917431193,0.7166591827570723
0.6693812624191434,0.6987847222222222,0.7385321100917431,0.7181088314005353
0.6778939246607195,0.7064459930313589,0.7440366972477064,0.7247542448614834
0.6715680886145519,0.7008695652173913,0.7394495412844037,0.7196428571428571
0.6697226567454446,0.6987012987012987,0.7403669724770642,0.7189309576837416
0.6814674671289054,0.7105263157894737,0.7431192660550459,0.726457399103139
0.6708852999619499,0.701048951048951,0.7357798165137615,0.7179946284691137
0.6801980721261573,0.708916083916084,0.7440366972477064,0.7260519247985676
0.675962879972942,0.7074468085106383,0.7321100917431193,0.7195671776375113
0.6754935948928255,0.7059859154929577,0.7357798165137615,0.7205750224618149
0.6785767133133217,0.7062391681109186,0.7477064220183486,0.7263814616755794
0.6742241998900773,0.7043859649122807,0.736697247706422,0.7201793721973094
0.6736481630237178,0.7037686240140227,0.736697247706422,0.7198565665620797
0.6750137403289224,0.7033824804856895,0.7440366972477064,0.7231386535889434
0.6704265843656196,0.7007874015748031,0.7348623853211009,0.7174205105239588
0.6655836468946856,0.6952380952380952,0.736697247706422,0.7153674832962138
0.6729548048873293,0.7027972027972028,0.7376146788990826,0.7197851387645479
0.6741068786200481,0.7040280210157618,0.7376146788990826,0.7204301075268817
0.6761763835454276,0.7057793345008757,0.7394495412844037,0.7222222222222222
0.6750454487802816,0.7069271758436945,0.7302752293577982,0.7184115523465704
0.6657221071322876,0.6977973568281939,0.726605504587156,0.7119101123595506
0.6824810806240222,0.7089810017271158,0.7532110091743119,0.7304270462633452
0.6737549148099606,0.7029616724738676,0.7403669724770642,0.7211796246648794
0.6772111360081172,0.7066549912434326,0.7403669724770642,0.7231182795698925
0.6767629898955734,0.7075971731448764,0.7348623853211009,0.720972097209721
0.6744377034625629,0.7027729636048526,0.7440366972477064,0.7228163992869875
0.6770938147380882,0.7062937062937062,0.7412844036697248,0.7233661593554163
0.6760590622753984,0.7054195804195804,0.7403669724770642,0.7224709042076992
0.6766456686255443,0.7072310405643739,0.7357798165137615,0.7212230215827338
0.6745655942163784,0.7042869641294838,0.7385321100917431,0.7210031347962382
0.6753762736227963,0.7056239015817223,0.736697247706422,0.7208258527827648
0.6639728575656365,0.6937716262975778,0.7357798165137615,0.7141585040071238
0.667674290787638,0.6992084432717678,0.7293577981651376,0.7139649753030983
0.6783737792246226,0.7091069849690539,0.7357798165137615,0.7221972084646555
0.677424639580603,0.7050173010380623,0.7477064220183486,0.7257346393588602
0.6720268042108822,0.7011294526498697,0.7403669724770642,0.7202141900937081
0.674213630406291,0.7032201914708442,0.7412844036697248,0.7217507815989281
0.6711199425020082,0.7017543859649122,0.7339449541284404,0.7174887892376681
0.6740001268338055,0.7048458149779736,0.7339449541284404,0.7191011235955056
0.6731683084598149,0.7012089810017271,0.744954128440367,0.7224199288256228
0.6742241998900773,0.7043859649122807,0.736697247706422,0.7201793721973094
0.6837716145943432,0.7130281690140845,0.7431192660550459,0.7277628032345014
0.6747896672726504,0.7038327526132404,0.7412844036697248,0.7220732797140303
0.674555024732592,0.703125,0.7431192660550459,0.7225691347011597
0.6692745106329006,0.6995633187772926,0.7348623853211009,0.7167785234899329
0.677200566524331,0.7054735013032146,0.744954128440367,0.7246764837126283
0.6819156132414494,0.7095652173913043,0.7486238532110092,0.7285714285714285
0.6660635014585887,0.6977152899824253,0.728440366972477,0.7127468581687613
0.6742030609225045,0.7020725388601037,0.7458715596330275,0.7233096085409253
0.6723893375047563,0.7033450704225352,0.7330275229357798,0.7178796046720575
0.6768591721980297,0.705574912891986,0.7431192660550459,0.7238605898123325
0.6754935948928255,0.7059859154929577,0.7357798165137615,0.7205750224618149
0.6770938147380882,0.7062937062937062,0.7412844036697248,0.7233661593554163
0.6752483828689808,0.7040905134899913,0.7422018348623853,0.7226440375167485
0.6736481630237178,0.7037686240140227,0.736697247706422,0.7198565665620797
0.6805606054200313,0.7112488928255093,0.736697247706422,0.7237494366831906
0.6770938147380882,0.7062937062937062,0.7412844036697248,0.7233661593554163
0.6796220352597979,0.7082969432314411,0.7440366972477064,0.7257270693512304
0.6704265843656196,0.7007874015748031,0.7348623853211009,0.7174205105239588
0.6751627700503107,0.7072953736654805,0.7293577981651376,0.7181571815718157
0.6762831353316704,0.7049608355091384,0.7431192660550459,0.723537293434569
0.6752483828689808,0.7040905134899913,0.7422018348623853,0.7226440375167485
0.6700851900393185,0.7008771929824561,0.7330275229357798,0.7165919282511211
0.6780112459307488,0.7068062827225131,0.7431192660550459,0.7245080500894454
0.6775525303344185,0.7065502183406114,0.7422018348623853,0.7239373601789709
0.6751416310827378,0.7049036777583187,0.7385321100917431,0.7213261648745519
0.6809981820487888,0.7090592334494773,0.7467889908256881,0.7274352100089365
0.6715680886145519,0.7008695652173913,0.7394495412844037,0.7196428571428571
0.6750348792964952,0.7057268722466961,0.7348623853211009,0.72
0.672720162347271,0.7020905923344948,0.7394495412844037,0.7202859696157283
0.6737549148099606,0.7029616724738676,0.7403669724770642,0.7211796246648794
0.6738828055637763,0.7044854881266491,0.7348623853211009,0.7193533902110463
0.6697649346805902,0.7033065236818588,0.7220183486238532,0.7125396106835672
0.6726028410772418,0.7017391304347826,0.7403669724770642,0.7205357142857143
0.6720373736946688,0.702276707530648,0.7357798165137615,0.7186379928315412
0.6835475415380712,0.713527851458886,0.7403669724770642,0.7266996848266547
0.674555024732592,0.703125,0.7431192660550459,0.7225691347011597
0.6722614467509407,0.7018308631211857,0.7385321100917431,0.7197139025480555
0.6709064389295227,0.7033747779751333,0.726605504587156,0.7148014440433214
0.6669915021350357,0.6993810786914235,0.7256880733944954,0.7122917604682576
0.6687946560689977,0.6970740103270223,0.7431192660550459,0.7193605683836589
0.6792912104172832,0.7096204766107679,0.7376146788990826,0.7233468286099866
0.6752589523527671,0.7052631578947368,0.7376146788990826,0.7210762331838565
0.6796326047435842,0.7095070422535211,0.7394495412844037,0.7241689128481581
0.671589227582125,0.7031802120141343,0.7302752293577982,0.7164716471647165
0.6799739990698854,0.7093942054433714,0.7412844036697248,0.7249887842081651
0.6712161248044646,0.6998269896193772,0.7422018348623853,0.7203918076580588
0.6803153933961865,0.7092819614711033,0.7431192660550459,0.7258064516129032
0.6744377034625629,0.7027729636048526,0.7440366972477064,0.7228163992869875
0.6713440155582802,0.7013100436681222,0.736697247706422,0.7185682326621924
0.6771899970405446,0.7043103448275863,0.7495412844036697,0.7262222222222222
0.6833128989980128,0.7127753303964758,0.7422018348623853,0.7271910112359551
0.6693812624191434,0.6987847222222222,0.7385321100917431,0.7181088314005353
0.6719094829408532,0.7007805724197745,0.7412844036697248,0.7204636647347302
0.6674607872151525,0.7008014247551202,0.7220183486238532,0.7112516945323091
0.680891430262546,0.7099035933391762,0.7431192660550459,0.7261317794710892
0.6741174481038346,0.705207413945278,0.7330275229357798,0.7188484030589294
0.6780323848983216,0.7092198581560284,0.7339449541284404,0.721370604147881
0.6707679786919207,0.7006980802792321,0.736697247706422,0.7182468694096601
0.6693812624191434,0.6987847222222222,0.7385321100917431,0.7181088314005353
0.6661808227286179,0.6980633802816901,0.7275229357798165,0.7124887690925427
0.6768486027142434,0.7044079515989629,0.7477064220183486,0.7254116599910992
0.6816915401851773,0.7100436681222707,0.7458715596330275,0.72751677852349
0.6796220352597979,0.7082969432314411,0.7440366972477064,0.7257270693512304
0.6694024013867163,0.701058201058201,0.7293577981651376,0.7149280575539568
0.6757176679490973,0.7055214723926381,0.7385321100917431,0.7216494845360825
0.6713757240096393,0.7048300536672629,0.7229357798165138,0.7137681159420289
0.6821608252652941,0.7115215479331575,0.7422018348623853,0.7265379434216435
0.6760273538240392,0.7019641332194705,0.7541284403669725,0.7271118973905352
0.6828330444341099,0.7100694444444444,0.7504587155963303,0.7297056199821588
0.6691888978142307,0.7026785714285714,0.7220183486238532,0.7122171945701358
0.6745761637001649,0.7054673721340388,0.7339449541284404,0.7194244604316546
